model,avg_latency_ms,std_latency,avg_memory_mb,total_tokens
llama3.2:latest,5423.132133483887,1856.6638141882997,0.0046875,321
gemma3:4b,6564.63725566864,2120.198386151506,0.00703125,263
qwen2:7b,12227.355670928955,3274.2437167606718,-4.03203125,384
